{
  "scores": {
    "Ansiedad": 0.03594205679201842,
    "Depresión": 0.1495699296882287,
    "Enojado": 0.5436063875233454,
    "Estrés": 0.25948993707272433,
    "Feliz": 0.00889168892368311,
    "Neutral": 0.0025
  }
}