{
    "label": "Enojado",
    "scores": {
        "Ansiedad": 0.03594205679201842,
        "Depresión": 0.1495699296882287,
        "Enojado": 0.5436063875233454,
        "Estrés": 0.25948993707272433,
        "Feliz": 0.00889168892368311,
        "Neutral": 0.0025
    },
    "emo_features": {
        "emo_enojo": 0.9857737731933593,
        "emo_asco": 1.1520020848365675e-07,
        "emo_miedo": 0.04539526253938675,
        "emo_feliz": 0.013766133785247802,
        "emo_triste": 0.0006109036621637642,
        "emo_sorpresa": 6.3533338590104904e-09,
        "emo_neutro": 4.87856686959276e-06,
        "miedo_sorpresa": 0.04539526889272061,
        "enojo_asco": 0.9857738883935678,
        "triste_miedo": 0.046006166201550514,
        "feliz_sorpresa": 0.013766140138581661,
        "tension": 0.704253246334306,
        "valencia": -1.0180139208098706,
        "activacion": 1.0449351758713277,
        "neutro_alto": 0.0
    }}