{
    "label": "Ansiedad",
    "scores": {
        "Ansiedad": 0.057807930836122,
        "Depresión": 0.12203920836855421,
        "Enojado": 0.4982738057451014,
        "Estrés": 0.3017339177193832,
        "Feliz": 0.020145137330839336,
        "Neutral": 0.0
    },
    "emo_features": {
        "emo_enojo": 0.9689797973632812,
        "emo_asco": 0.0017043293919414282,
        "emo_miedo": 0.017875380516052246,
        "emo_feliz": 0.8210384249687195,
        "emo_triste": 0.4911445081233978,
        "emo_sorpresa": 0.00015399203402921557,
        "emo_neutro": 0.00044782055192627013,
        "miedo_sorpresa": 0.01802937255008146,
        "enojo_asco": 0.9706841267552226,
        "triste_miedo": 0.50901988863945,
        "feliz_sorpresa": 0.8211924170027487,
        "tension": 0.5874904329422861,
        "valencia": -0.6586655904259533,
        "activacion": 1.808047594882082,
        "neutro_alto": 0.0
    }
}
